code,trust_name,region,merged_into,trust_type
RCF,AIREDALE NHS FOUNDATION TRUST,North East and Yorkshire,,general
RBS,ALDER HEY CHILDREN'S NHS FOUNDATION TRUST,North West,,specialist
RTK,ASHFORD AND ST PETER'S HOSPITALS NHS FOUNDATION TRUST,South East,,general
RF4,"BARKING, HAVERING AND REDBRIDGE UNIVERSITY HOSPITALS NHS TRUST",London,,general
RFF,BARNSLEY HOSPITAL NHS FOUNDATION TRUST,North East and Yorkshire,,general
R1H,BARTS HEALTH NHS TRUST,London,,general
RC9,BEDFORDSHIRE HOSPITALS NHS FOUNDATION TRUST,East of England,,general
RQ3,BIRMINGHAM WOMEN'S AND CHILDREN'S NHS FOUNDATION TRUST,Midlands,,specialist
RXL,BLACKPOOL TEACHING HOSPITALS NHS FOUNDATION TRUST,North West,,general
RMC,BOLTON NHS FOUNDATION TRUST,North West,,general
RAE,BRADFORD TEACHING HOSPITALS NHS FOUNDATION TRUST,North East and Yorkshire,,general
RA7,BRISTOL NHS FOUNDATION TRUST,South West,,general
RXQ,BUCKINGHAMSHIRE HEALTHCARE NHS TRUST,South East,,general
RWY,CALDERDALE AND HUDDERSFIELD NHS FOUNDATION TRUST,North East and Yorkshire,,general
RGT,CAMBRIDGE UNIVERSITY HOSPITALS NHS FOUNDATION TRUST,East of England,,general
RQM,CHELSEA AND WESTMINSTER HOSPITAL NHS FOUNDATION TRUST,London,,general
RFS,CHESTERFIELD ROYAL HOSPITAL NHS FOUNDATION TRUST,Midlands,,general
RJR,COUNTESS OF CHESTER HOSPITAL NHS FOUNDATION TRUST,North West,,general
RXP,COUNTY DURHAM AND DARLINGTON NHS FOUNDATION TRUST,North East and Yorkshire,,general
RJ6,CROYDON HEALTH SERVICES NHS TRUST,London,,general
RN7,DARTFORD AND GRAVESHAM NHS TRUST,South East,,general
RP5,DONCASTER AND BASSETLAW TEACHING HOSPITALS NHS FOUNDATION TRUST,North East and Yorkshire,,general
RBD,DORSET COUNTY HOSPITAL NHS FOUNDATION TRUST,South West,,general
RWH,EAST AND NORTH HERTFORDSHIRE TEACHING NHS TRUST,East of England,,general
RJN,EAST CHESHIRE NHS TRUST,North West,,general
RVV,EAST KENT HOSPITALS UNIVERSITY NHS FOUNDATION TRUST,South East,,general
RXR,EAST LANCASHIRE HOSPITALS NHS TRUST,North West,,general
RDE,EAST SUFFOLK AND NORTH ESSEX NHS FOUNDATION TRUST,East of England,,general
RXC,EAST SUSSEX HEALTHCARE NHS TRUST,South East,,general
RVR,EPSOM AND ST HELIER UNIVERSITY HOSPITALS NHS TRUST,London,,general
RDU,FRIMLEY HEALTH NHS FOUNDATION TRUST,South East,,general
RR7,GATESHEAD HEALTH NHS FOUNDATION TRUST,North East and Yorkshire,,general
RLT,GEORGE ELIOT HOSPITAL NHS TRUST,Midlands,,general
RTE,GLOUCESTERSHIRE HOSPITALS NHS FOUNDATION TRUST,South West,,general
RP4,GREAT ORMOND STREET HOSPITAL FOR CHILDREN NHS FOUNDATION TRUST,London,,specialist
RN3,GREAT WESTERN HOSPITALS NHS FOUNDATION TRUST,South West,,general
RJ1,GUY'S AND ST THOMAS' NHS FOUNDATION TRUST,London,,general
RN5,HAMPSHIRE HOSPITALS NHS FOUNDATION TRUST,South East,,general
RCD,HARROGATE AND DISTRICT NHS FOUNDATION TRUST,North East and Yorkshire,,general
RQX,HOMERTON HEALTHCARE NHS FOUNDATION TRUST,London,,general
RWA,HULL UNIVERSITY TEACHING HOSPITALS NHS TRUST,North East and Yorkshire,,general
RYJ,IMPERIAL COLLEGE HEALTHCARE NHS TRUST,London,,general
R1F,ISLE OF WIGHT NHS TRUST,South East,,general
RGP,JAMES PAGET UNIVERSITY HOSPITALS NHS FOUNDATION TRUST,East of England,,general
RNQ,KETTERING GENERAL HOSPITAL NHS FOUNDATION TRUST,Midlands,,general
RJZ,KING'S COLLEGE HOSPITAL NHS FOUNDATION TRUST,London,,general
RAX,KINGSTON AND RICHMOND NHS FOUNDATION TRUST,London,,general
RXN,LANCASHIRE TEACHING HOSPITALS NHS FOUNDATION TRUST,North West,,general
RR8,LEEDS TEACHING HOSPITALS NHS TRUST,North East and Yorkshire,,general
RJ2,LEWISHAM AND GREENWICH NHS TRUST,London,,general
RBQ,LIVERPOOL HEART AND CHEST HOSPITAL NHS FOUNDATION TRUST,North West,,specialist
REM,LIVERPOOL UNIVERSITY HOSPITALS NHS FOUNDATION TRUST,North West,,general
REP,LIVERPOOL WOMEN'S NHS FOUNDATION TRUST,North West,,specialist
R1K,LONDON NORTH WEST UNIVERSITY HEALTHCARE NHS TRUST,London,,general
RWF,MAIDSTONE AND TUNBRIDGE WELLS NHS TRUST,South East,,general
R0A,MANCHESTER UNIVERSITY NHS FOUNDATION TRUST,North West,,general
RPA,MEDWAY NHS FOUNDATION TRUST,South East,,general
RBN,MERSEY AND WEST LANCASHIRE TEACHING HOSPITALS NHS TRUST,North West,,general
RAJ,MID AND SOUTH ESSEX NHS FOUNDATION TRUST,East of England,,general
RBT,MID CHESHIRE HOSPITALS NHS FOUNDATION TRUST,North West,,general
RXF,MID YORKSHIRE TEACHING NHS TRUST,North East and Yorkshire,,general
RD8,MILTON KEYNES UNIVERSITY HOSPITAL NHS FOUNDATION TRUST,East of England,,general
RP6,MOORFIELDS EYE HOSPITAL NHS FOUNDATION TRUST,London,,specialist
RM1,NORFOLK AND NORWICH UNIVERSITY HOSPITALS NHS FOUNDATION TRUST,East of England,,general
RWW,NORTH CHESHIRE AND MERSEY NHS FOUNDATION TRUST,North West,,general
RNN,NORTH CUMBRIA INTEGRATED CARE NHS FOUNDATION TRUST,North East and Yorkshire,,general
RVW,NORTH TEES AND HARTLEPOOL NHS FOUNDATION TRUST,North East and Yorkshire,,general
RGN,NORTH WEST ANGLIA NHS FOUNDATION TRUST,East of England,,general
RNS,NORTHAMPTON GENERAL HOSPITAL NHS TRUST,Midlands,,general
RM3,NORTHERN CARE ALLIANCE NHS FOUNDATION TRUST,North West,,general
RJL,NORTHERN LINCOLNSHIRE AND GOOLE NHS FOUNDATION TRUST,North East and Yorkshire,,general
RTF,NORTHUMBRIA HEALTHCARE NHS FOUNDATION TRUST,North East and Yorkshire,,general
RX1,NOTTINGHAM UNIVERSITY HOSPITALS NHS TRUST,Midlands,,general
RTH,OXFORD UNIVERSITY HOSPITALS NHS FOUNDATION TRUST,South East,,general
RHU,PORTSMOUTH HOSPITALS UNIVERSITY NHS TRUST,South East,,general
RPC,QUEEN VICTORIA HOSPITAL NHS FOUNDATION TRUST,South East,,specialist
RHW,ROYAL BERKSHIRE NHS FOUNDATION TRUST,South East,,general
REF,ROYAL CORNWALL HOSPITALS NHS TRUST,South West,,general
RH8,ROYAL DEVON UNIVERSITY HEALTHCARE NHS FOUNDATION TRUST,South West,,general
RAL,ROYAL FREE LONDON NHS FOUNDATION TRUST,London,,general
RAN,ROYAL NATIONAL ORTHOPAEDIC HOSPITAL NHS TRUST,London,,specialist
RGM,ROYAL PAPWORTH HOSPITAL NHS FOUNDATION TRUST,East of England,,specialist
RA2,ROYAL SURREY NHS FOUNDATION TRUST,South East,,general
RD1,ROYAL UNITED HOSPITALS BATH NHS FOUNDATION TRUST,South West,,general
RNZ,SALISBURY NHS FOUNDATION TRUST,South West,,general
RXK,SANDWELL AND WEST BIRMINGHAM HOSPITALS NHS TRUST,Midlands,,general
RCU,SHEFFIELD CHILDREN'S NHS FOUNDATION TRUST,North East and Yorkshire,,specialist
RHQ,SHEFFIELD TEACHING HOSPITALS NHS FOUNDATION TRUST,North East and Yorkshire,,general
RK5,SHERWOOD FOREST HOSPITALS NHS FOUNDATION TRUST,Midlands,,general
RH5,SOMERSET NHS FOUNDATION TRUST,South West,,general
RTR,SOUTH TEES HOSPITALS NHS FOUNDATION TRUST,North East and Yorkshire,,general
R0B,SOUTH TYNESIDE AND SUNDERLAND NHS FOUNDATION TRUST,North East and Yorkshire,,general
RJC,SOUTH WARWICKSHIRE UNIVERSITY NHS FOUNDATION TRUST,Midlands,,general
RJ7,ST GEORGE'S UNIVERSITY HOSPITALS NHS FOUNDATION TRUST,London,,general
RWJ,STOCKPORT NHS FOUNDATION TRUST,North West,,general
RTP,SURREY AND SUSSEX HEALTHCARE NHS TRUST,South East,,general
RMP,TAMESIDE AND GLOSSOP INTEGRATED CARE NHS FOUNDATION TRUST,North West,,general
RBV,THE CHRISTIE NHS FOUNDATION TRUST,North West,,specialist
REN,THE CLATTERBRIDGE CANCER CENTRE NHS FOUNDATION TRUST,North West,,specialist
RNA,THE DUDLEY GROUP NHS FOUNDATION TRUST,Midlands,,general
RAS,THE HILLINGDON HOSPITALS NHS FOUNDATION TRUST,London,,general
RTD,THE NEWCASTLE UPON TYNE HOSPITALS NHS FOUNDATION TRUST,North East and Yorkshire,,general
RQW,THE PRINCESS ALEXANDRA HOSPITAL NHS TRUST,East of England,,general
RCX,"THE QUEEN ELIZABETH HOSPITAL, KING'S LYNN, NHS FOUNDATION TRUST",East of England,,general
RL1,THE ROBERT JONES AND AGNES HUNT ORTHOPAEDIC HOSPITAL NHS FOUNDATION TRUST,Midlands,,specialist
RFR,THE ROTHERHAM NHS FOUNDATION TRUST,North East and Yorkshire,,general
RPY,THE ROYAL MARSDEN NHS FOUNDATION TRUST,London,,specialist
RRJ,THE ROYAL ORTHOPAEDIC HOSPITAL NHS FOUNDATION TRUST,Midlands,,specialist
RL4,THE ROYAL WOLVERHAMPTON NHS TRUST,Midlands,,general
RXW,THE SHREWSBURY AND TELFORD HOSPITAL NHS TRUST,Midlands,,general
RET,THE WALTON CENTRE NHS FOUNDATION TRUST,North West,,specialist
RA9,TORBAY AND SOUTH DEVON NHS FOUNDATION TRUST,South West,,general
RWD,UNITED LINCOLNSHIRE TEACHING HOSPITALS NHS TRUST,Midlands,,general
RRV,UNIVERSITY COLLEGE LONDON HOSPITALS NHS FOUNDATION TRUST,London,,general
RHM,UNIVERSITY HOSPITAL SOUTHAMPTON NHS FOUNDATION TRUST,South East,,general
RRK,UNIVERSITY HOSPITALS BIRMINGHAM NHS FOUNDATION TRUST,Midlands,,general
RKB,UNIVERSITY HOSPITALS COVENTRY AND WARWICKSHIRE NHS TRUST,Midlands,,general
R0D,UNIVERSITY HOSPITALS DORSET NHS FOUNDATION TRUST,South West,,general
RTG,UNIVERSITY HOSPITALS OF DERBY AND BURTON NHS FOUNDATION TRUST,Midlands,,general
RWE,UNIVERSITY HOSPITALS OF LEICESTER NHS TRUST,Midlands,,general
RTX,UNIVERSITY HOSPITALS OF MORECAMBE BAY NHS FOUNDATION TRUST,North West,,general
RJE,UNIVERSITY HOSPITALS OF NORTH MIDLANDS NHS TRUST,Midlands,,general
RK9,UNIVERSITY HOSPITALS PLYMOUTH NHS TRUST,South West,,general
RYR,UNIVERSITY HOSPITALS SUSSEX NHS FOUNDATION TRUST,South East,,general
RBK,WALSALL HEALTHCARE NHS TRUST,Midlands,,general
RWG,WEST HERTFORDSHIRE TEACHING HOSPITALS NHS TRUST,East of England,,general
RGR,WEST SUFFOLK NHS FOUNDATION TRUST,East of England,,general
RKE,WHITTINGTON HEALTH NHS TRUST,London,,general
RBL,WIRRAL UNIVERSITY TEACHING HOSPITAL NHS FOUNDATION TRUST,North West,,general
RWP,WORCESTERSHIRE ACUTE HOSPITALS NHS TRUST,Midlands,,general
RRF,"WRIGHTINGTON, WIGAN AND LEIGH TEACHING HOSPITALS NHS FOUNDATION TRUST",North West,,general
RLQ,WYE VALLEY NHS TRUST,Midlands,,general
RCB,YORK AND SCARBOROUGH TEACHING HOSPITALS NHS FOUNDATION TRUST,North East and Yorkshire,,general
RVJ,NORTH BRISTOL NHS TRUST,South West,RA7,general
RAP,NORTH MIDDLESEX UNIVERSITY HOSPITAL NHS TRUST,London,RAL,general
