trust_name,region
Airedale NHS Foundation Trust,North East and Yorkshire
Alder Hey Childrens NHS Foundation Trust,North West
Ashford and St. Peter's Hospitals NHS Foundation Trust,South East
"Barking, Havering and Redbridge University Hospitals NHS Trust",London
Barnsley Hospital NHS Foundation Trust,North East and Yorkshire
Barts Health NHS Trust,London
Bedfordshire Hospitals NHS Foundation Trust,East of England
Birmingham Women's and Children's NHS Foundation Trust,Midlands
Blackpool Teaching Hospitals NHS Foundation Trust,North West
Bolton NHS Foundation Trust,North West
Bradford Teaching Hospitals NHS Foundation Trust,North East and Yorkshire
Buckinghamshire Healthcare NHS Trust,South East
Calderdale and Huddersfield NHS Foundation Trust,North East and Yorkshire
Cambridge University Hospitals NHS Foundation Trust,East of England
Chelsea and Westminster Hospital NHS Foundation Trust,London
Chesterfield Royal Hospital NHS Foundation Trust,Midlands
Clatterbridge Cancer Centre NHS Foundation Trust,North West
Countess of Chester Hospital NHS Foundation Trust,North West
County Durham and Darlington NHS Foundation Trust,North East and Yorkshire
Croydon Health Services NHS Trust,London
Dartford and Gravesham NHS Trust,South East
Doncaster and Bassetlaw Teaching Hospitals NHS Foundation Trust,North East and Yorkshire
Dorset County Hospital NHS Foundation Trust,South West
East and North Hertfordshire NHS Trust,East of England
East Cheshire NHS Trust,North West
East Kent Hospitals University NHS Foundation Trust,South East
East Lancashire Hospitals NHS Trust,North West
East Suffolk and North Essex NHS Foundation Trust,East of England
East Sussex Healthcare NHS Trust,South East
Epsom and St Helier University Hospitals NHS Trust,London
Frimley Health NHS Foundation Trust,South East
Gateshead Health NHS Foundation Trust,North East and Yorkshire
George Eliot Hospital NHS Trust,Midlands
Gloucestershire Hospitals NHS Foundation Trust,South West
Great Ormond Street Hospital for Children NHS Foundation Trust,London
Great Western Hospitals NHS Foundation Trust,South West
Guy's and St Thomas' NHS Foundation Trust,London
Hampshire Hospitals NHS Foundation Trust,South East
Harrogate and District NHS Foundation Trust,North East and Yorkshire
Homerton Healthcare NHS Foundation Trust,London
Hull University Teaching Hospitals NHS Trust,North East and Yorkshire
Imperial College Healthcare NHS Trust,London
Isle of Wight NHS Trust,South East
James Paget University Hospitals NHS Foundation Trust,East of England
Kettering General Hospital NHS Foundation Trust,Midlands
King's College Hospital NHS Foundation Trust,London
Kingston Hospital NHS Foundation Trust,London
Lancashire Teaching Hospitals NHS Foundation Trust,North West
Leeds Teaching Hospitals NHS Trust,North East and Yorkshire
Liverpool Heart and Chest Hospital NHS Foundation Trust,North West
Liverpool University Hospitals NHS Foundation Trust,North West
Liverpool Women's NHS Foundation Trust,North West
London North West University Healthcare NHS Trust,London
Maidstone and Tunbridge Wells NHS Trust,South East
Manchester University NHS Foundation Trust,North West
Medway NHS Foundation Trust,South East
Mersey and West Lancashire Teaching Hospitals NHS Trust,North West
Mid and South Essex NHS Foundation Trust,East of England
Mid Yorkshire Teaching NHS Trust,North East and Yorkshire
Milton Keynes University Hospital NHS Foundation Trust,East of England
Moorfields Eye Hospital NHS Foundation Trust,London
Norfolk and Norwich University Hospitals NHS Foundation Trust,East of England
North Bristol NHS Trust,South West
North Cumbria Integrated Care NHS Foundation Trust,North East and Yorkshire
North Middlesex University Hospital NHS Trust,London
North Tees and Hartlepool NHS Foundation Trust,North East and Yorkshire
North West Anglia NHS Foundation Trust,East of England
Northampton General Hospital NHS Trust,Midlands
Northern Care Alliance NHS Foundation Trust,North West
Northern Lincolnshire and Goole NHS Foundation Trust,North East and Yorkshire
Northumbria Healthcare NHS Foundation Trust,North East and Yorkshire
Nottingham University Hospitals NHS Trust,Midlands
Oxford University Hospitals NHS Foundation Trust,South East
Portsmouth Hospitals University NHS Trust,South East
Queen Victoria Hospital NHS Foundation Trust,South East
Robert Jones and Agnes Hunt Orthopaedic Hospital NHS Foundation Trust,Midlands
Royal Berkshire NHS Foundation Trust,South East
Royal Cornwall Hospitals NHS Trust,South West
Royal Devon University Healthcare NHS Foundation Trust,South West
Royal Free London NHS Foundation Trust,London
Royal National Orthopaedic Hospital NHS Trust,London
Royal Orthopaedic Hospital NHS Foundation Trust,Midlands
Royal Papworth Hospital NHS Foundation Trust,East of England
Royal Surrey County Hospital NHS Foundation Trust,South East
Royal United Hospitals Bath NHS Foundation Trust,South West
Salisbury NHS Foundation Trust,South West
Sandwell and West Birmingham Hospitals NHS Trust,Midlands
Sheffield Childrens NHS Foundation Trust,North East and Yorkshire
Sheffield Teaching Hospitals NHS Foundation Trust,North East and Yorkshire
Sherwood Forest Hospitals NHS Foundation Trust,Midlands
Shrewsbury and Telford Hospital NHS Trust,Midlands
Somerset NHS Foundation Trust,South West
South Tees Hospitals NHS Foundation Trust,North East and Yorkshire
South Tyneside and Sunderland NHS Foundation Trust,North East and Yorkshire
South Warwickshire University NHS Foundation Trust,Midlands
St George's University Hospitals NHS Foundation Trust,London
Stockport NHS Foundation Trust,North West
Surrey and Sussex Healthcare NHS Trust,South East
Tameside and Glossop Integrated Care NHS Foundation Trust,North West
The Christie NHS Foundation Trust,North West
The Dudley Group NHS Foundation Trust,Midlands
The Hillingdon Hospitals NHS Foundation Trust,London
The Lewisham and Greenwich NHS Trust,London
The Mid Cheshire Hospitals NHS Foundation Trust,North West
The Newcastle Upon Tyne Hospitals NHS Foundation Trust,North East and Yorkshire
The Princess Alexandra Hospital NHS Trust,East of England
The Queen Elizabeth Hospital King's Lynn NHS Foundation Trust,East of England
The Rotherham NHS Foundation Trust,North East and Yorkshire
The Royal Marsden NHS Foundation Trust,London
The Royal Wolverhampton NHS Trust,Midlands
The Walton Centre NHS Foundation Trust,North West
Torbay and South Devon NHS Foundation Trust,South West
United Lincolnshire Teaching Hospitals NHS Trust,Midlands
University College London Hospitals NHS Foundation Trust,London
University Hospital Southampton NHS Foundation Trust,South East
University Hospitals Birmingham NHS Foundation Trust,Midlands
University Hospitals Bristol and Weston NHS Foundation Trust,South West
University Hospitals Coventry and Warwickshire NHS Trust,Midlands
University Hospitals Dorset NHS Foundation Trust,South West
University Hospitals of Derby and Burton NHS Foundation Trust,Midlands
University Hospitals of Leicester NHS Trust,Midlands
University Hospitals of Morecambe Bay NHS Foundation Trust,North West
University Hospitals of North Midlands NHS Trust,Midlands
University Hospitals Plymouth NHS Trust,South West
University Hospitals Sussex NHS Foundation Trust,South East
Walsall Healthcare NHS Trust,Midlands
Warrington and Halton Teaching Hospitals NHS Foundation Trust,North West
West Hertfordshire Teaching Hospitals NHS Trust,East of England
West Suffolk NHS Foundation Trust,East of England
Whittington Health NHS Trust,London
Wirral University Teaching Hospital NHS Foundation Trust,North West
Worcestershire Acute Hospitals NHS Trust,Midlands
"Wrightington, Wigan and Leigh NHS Foundation Trust",North West
Wye Valley NHS Trust,Midlands
York and Scarborough Teaching Hospitals NHS Foundation Trust,North East and Yorkshire
